state,zip_code,locations,active_locations,inactive_locations,unknown_status_locations,kroger_banner_locations,brands
MI,48066,4,4,0,0,4,1
OH,45202,4,4,0,0,4,1
TN,37064,4,4,0,0,4,1
AR,71913,3,3,0,0,3,1
GA,30004,3,3,0,0,3,1
GA,30022,3,3,0,0,3,1
GA,30024,3,3,0,0,3,1
GA,30064,3,3,0,0,3,1
GA,31210,3,3,0,0,3,1
KY,40241,3,3,0,0,3,1
KY,40356,3,3,0,0,3,1
KY,41051,3,3,0,0,3,1
KY,42701,3,3,0,0,3,1
OH,43130,3,3,0,0,3,1
OH,43213,3,3,0,0,3,1
OH,45044,3,3,0,0,3,1
TN,37075,3,3,0,0,3,1
TN,37211,3,3,0,0,3,1
TN,38002,3,3,0,0,3,1
TN,38305,3,3,0,0,3,1
TX,75034,3,3,0,0,3,1
TX,77379,3,3,0,0,3,1
TX,77433,3,3,0,0,3,1
TX,77494,3,3,0,0,3,1
TX,77573,3,3,0,0,3,1
VA,24018,3,3,0,0,3,1
VA,24153,3,3,0,0,3,1
WV,26505,3,3,0,0,3,1
AL,35758,2,2,0,0,2,1
AR,72116,2,2,0,0,2,1
AR,72205,2,2,0,0,2,1
AR,72207,2,2,0,0,2,1
AR,72223,2,2,0,0,2,1
GA,30016,2,2,0,0,2,1
GA,30019,2,2,0,0,2,1
GA,30040,2,2,0,0,2,1
GA,30041,2,2,0,0,2,1
GA,30043,2,2,0,0,2,1
GA,30047,2,2,0,0,2,1
GA,30052,2,2,0,0,2,1
GA,30062,2,2,0,0,2,1
GA,30066,2,2,0,0,2,1
GA,30075,2,2,0,0,2,1
GA,30084,2,2,0,0,2,1
GA,30096,2,2,0,0,2,1
GA,30101,2,2,0,0,2,1
GA,30115,2,2,0,0,2,1
GA,30127,2,2,0,0,2,1
GA,30132,2,2,0,0,2,1
GA,30134,2,2,0,0,2,1
GA,30135,2,2,0,0,2,1
GA,30188,2,2,0,0,2,1
GA,30214,2,2,0,0,2,1
GA,30236,2,2,0,0,2,1
GA,30265,2,2,0,0,2,1
GA,30269,2,2,0,0,2,1
GA,30281,2,2,0,0,2,1
GA,30306,2,2,0,0,2,1
GA,30311,2,2,0,0,2,1
GA,30316,2,2,0,0,2,1
GA,30542,2,2,0,0,2,1
GA,30606,2,2,0,0,2,1
GA,30909,2,2,0,0,2,1
GA,31406,2,2,0,0,2,1
IL,61350,2,2,0,0,2,1
IL,61701,2,2,0,0,2,1
IL,62521,2,2,0,0,2,1
IN,46037,2,2,0,0,2,1
IN,46060,2,2,0,0,2,1
IN,46074,2,2,0,0,2,1
IN,46077,2,2,0,0,2,1
IN,46143,2,2,0,0,2,1
IN,46220,2,2,0,0,2,1
IN,46227,2,2,0,0,2,1
IN,46237,2,2,0,0,2,1
IN,46268,2,2,0,0,2,1
IN,47150,2,2,0,0,2,1
IN,47401,2,2,0,0,2,1
IN,47403,2,2,0,0,2,1
KY,40031,2,2,0,0,2,1
KY,40218,2,2,0,0,2,1
KY,40299,2,2,0,0,2,1
KY,40502,2,2,0,0,2,1
KY,40511,2,2,0,0,2,1
KY,40513,2,2,0,0,2,1
KY,40601,2,2,0,0,2,1
KY,40701,2,2,0,0,2,1
KY,40741,2,2,0,0,2,1
KY,41042,2,2,0,0,2,1
KY,41071,2,2,0,0,2,1
KY,41076,2,2,0,0,2,1
KY,41091,2,2,0,0,2,1
KY,41101,2,2,0,0,2,1
KY,42003,2,2,0,0,2,1
KY,42104,2,2,0,0,2,1
KY,42301,2,2,0,0,2,1
KY,42501,2,2,0,0,2,1
MI,48060,2,2,0,0,2,1
MI,48080,2,2,0,0,2,1
MI,48092,2,2,0,0,2,1
MI,48116,2,2,0,0,2,1
MI,48170,2,2,0,0,2,1
MI,48178,2,2,0,0,2,1
MI,48185,2,2,0,0,2,1
MI,48186,2,2,0,0,2,1
MI,48197,2,2,0,0,2,1
MI,48316,2,2,0,0,2,1
MI,48346,2,2,0,0,2,1
MI,48362,2,2,0,0,2,1
MI,48390,2,2,0,0,2,1
MI,48532,2,2,0,0,2,1
MI,48843,2,2,0,0,2,1
MS,38637,2,2,0,0,2,1
MS,39056,2,2,0,0,2,1
MS,39110,2,2,0,0,2,1
MS,39232,2,2,0,0,2,1
OH,43015,2,2,0,0,2,1
OH,43016,2,2,0,0,2,1
OH,43026,2,2,0,0,2,1
OH,43065,2,2,0,0,2,1
OH,43068,2,2,0,0,2,1
OH,43081,2,2,0,0,2,1
OH,43085,2,2,0,0,2,1
OH,43110,2,2,0,0,2,1
OH,43123,2,2,0,0,2,1
OH,43147,2,2,0,0,2,1
OH,43207,2,2,0,0,2,1
OH,43214,2,2,0,0,2,1
OH,43228,2,2,0,0,2,1
OH,43230,2,2,0,0,2,1
OH,43302,2,2,0,0,2,1
OH,43420,2,2,0,0,2,1
OH,43560,2,2,0,0,2,1
OH,43613,2,2,0,0,2,1
OH,45011,2,2,0,0,2,1
OH,45039,2,2,0,0,2,1
OH,45040,2,2,0,0,2,1
OH,45069,2,2,0,0,2,1
OH,45140,2,2,0,0,2,1
OH,45150,2,2,0,0,2,1
OH,45209,2,2,0,0,2,1
OH,45231,2,2,0,0,2,1
OH,45238,2,2,0,0,2,1
OH,45241,2,2,0,0,2,1
OH,45249,2,2,0,0,2,1
OH,45255,2,2,0,0,2,1
OH,45342,2,2,0,0,2,1
OH,45424,2,2,0,0,2,1
OH,45459,2,2,0,0,2,1
OH,45503,2,2,0,0,2,1
OH,45601,2,2,0,0,2,1
OH,45750,2,2,0,0,2,1
OH,45840,2,2,0,0,2,1
SC,29910,2,2,0,0,2,1
TN,37027,2,2,0,0,2,1
TN,37040,2,2,0,0,2,1
TN,37042,2,2,0,0,2,1
TN,37066,2,2,0,0,2,1
TN,37072,2,2,0,0,2,1
TN,37076,2,2,0,0,2,1
TN,37122,2,2,0,0,2,1
TN,37128,2,2,0,0,2,1
TN,37129,2,2,0,0,2,1
TN,37204,2,2,0,0,2,1
TN,37221,2,2,0,0,2,1
TN,37604,2,2,0,0,2,1
TN,37922,2,2,0,0,2,1
TN,38017,2,2,0,0,2,1
TN,38018,2,2,0,0,2,1
TN,38104,2,2,0,0,2,1
TN,38117,2,2,0,0,2,1
TN,38134,2,2,0,0,2,1
TN,38138,2,2,0,0,2,1
TN,38401,2,2,0,0,2,1
TX,75002,2,2,0,0,2,1
TX,75028,2,2,0,0,2,1
TX,75078,2,2,0,0,2,1
TX,76013,2,2,0,0,2,1
TX,76017,2,2,0,0,2,1
TX,76063,2,2,0,0,2,1
TX,76131,2,2,0,0,2,1
TX,76180,2,2,0,0,2,1
TX,76244,2,2,0,0,2,1
TX,76248,2,2,0,0,2,1
TX,77015,2,2,0,0,2,1
TX,77062,2,2,0,0,2,1
TX,77065,2,2,0,0,2,1
TX,77070,2,2,0,0,2,1
TX,77077,2,2,0,0,2,1
TX,77386,2,2,0,0,2,1
TX,77407,2,2,0,0,2,1
TX,77429,2,2,0,0,2,1
TX,77449,2,2,0,0,2,1
TX,77459,2,2,0,0,2,1
TX,77479,2,2,0,0,2,1
TX,77546,2,2,0,0,2,1
TX,77581,2,2,0,0,2,1
VA,23113,2,2,0,0,2,1
VA,23322,2,2,0,0,2,1
VA,23452,2,2,0,0,2,1
VA,23831,2,2,0,0,2,1
VA,24012,2,2,0,0,2,1
VA,24019,2,2,0,0,2,1
VA,24060,2,2,0,0,2,1
VA,24101,2,2,0,0,2,1
VA,24502,2,2,0,0,2,1
WV,25314,2,2,0,0,2,1
WV,25801,2,2,0,0,2,1
WV,26003,2,2,0,0,2,1
WV,26101,2,2,0,0,2,1
AL,35601,1,1,0,0,1,1
AL,35640,1,1,0,0,1,1
AL,35802,1,1,0,0,1,1
AL,35806,1,1,0,0,1,1
AL,35810,1,1,0,0,1,1
AL,35811,1,1,0,0,1,1
AL,36801,1,1,0,0,1,1
AL,36830,1,1,0,0,1,1
AL,36863,1,1,0,0,1,1
AR,72015,1,1,0,0,1,1
AR,72019,1,1,0,0,1,1
AR,72023,1,1,0,0,1,1
AR,72032,1,1,0,0,1,1
AR,72034,1,1,0,0,1,1
AR,72076,1,1,0,0,1,1
AR,72113,1,1,0,0,1,1
AR,72118,1,1,0,0,1,1
AR,72206,1,1,0,0,1,1
AR,72209,1,1,0,0,1,1
AR,72227,1,1,0,0,1,1
AR,72301,1,1,0,0,1,1
AR,72315,1,1,0,0,1,1
AR,72401,1,1,0,0,1,1
AR,72501,1,1,0,0,1,1
AR,72801,1,1,0,0,1,1
GA,30013,1,1,0,0,1,1
GA,30014,1,1,0,0,1,1
GA,30017,1,1,0,0,1,1
GA,30033,1,1,0,0,1,1
GA,30034,1,1,0,0,1,1
GA,30035,1,1,0,0,1,1
GA,30039,1,1,0,0,1,1
GA,30044,1,1,0,0,1,1
GA,30045,1,1,0,0,1,1
GA,30046,1,1,0,0,1,1
GA,30058,1,1,0,0,1,1
GA,30067,1,1,0,0,1,1
GA,30068,1,1,0,0,1,1
GA,30076,1,1,0,0,1,1
GA,30078,1,1,0,0,1,1
GA,30080,1,1,0,0,1,1
GA,30087,1,1,0,0,1,1
GA,30088,1,1,0,0,1,1
GA,30093,1,1,0,0,1,1
GA,30097,1,1,0,0,1,1
GA,30102,1,1,0,0,1,1
GA,30114,1,1,0,0,1,1
GA,30117,1,1,0,0,1,1
GA,30121,1,1,0,0,1,1
GA,30122,1,1,0,0,1,1
GA,30125,1,1,0,0,1,1
GA,30126,1,1,0,0,1,1
GA,30143,1,1,0,0,1,1
GA,30144,1,1,0,0,1,1
GA,30161,1,1,0,0,1,1
GA,30189,1,1,0,0,1,1
GA,30223,1,1,0,0,1,1
GA,30241,1,1,0,0,1,1
GA,30252,1,1,0,0,1,1
GA,30253,1,1,0,0,1,1
GA,30260,1,1,0,0,1,1
GA,30263,1,1,0,0,1,1
GA,30274,1,1,0,0,1,1
GA,30291,1,1,0,0,1,1
GA,30294,1,1,0,0,1,1
GA,30297,1,1,0,0,1,1
GA,30307,1,1,0,0,1,1
GA,30310,1,1,0,0,1,1
GA,30315,1,1,0,0,1,1
GA,30318,1,1,0,0,1,1
GA,30319,1,1,0,0,1,1
GA,30324,1,1,0,0,1,1
GA,30328,1,1,0,0,1,1
GA,30329,1,1,0,0,1,1
GA,30338,1,1,0,0,1,1
GA,30339,1,1,0,0,1,1
GA,30341,1,1,0,0,1,1
GA,30342,1,1,0,0,1,1
GA,30349,1,1,0,0,1,1
GA,30350,1,1,0,0,1,1
GA,30501,1,1,0,0,1,1
GA,30506,1,1,0,0,1,1
GA,30518,1,1,0,0,1,1
GA,30519,1,1,0,0,1,1
GA,30534,1,1,0,0,1,1
GA,30548,1,1,0,0,1,1
GA,30549,1,1,0,0,1,1
GA,30566,1,1,0,0,1,1
GA,30601,1,1,0,0,1,1
GA,30605,1,1,0,0,1,1
GA,30620,1,1,0,0,1,1
GA,30701,1,1,0,0,1,1
GA,30720,1,1,0,0,1,1
GA,30721,1,1,0,0,1,1
GA,30809,1,1,0,0,1,1
GA,30813,1,1,0,0,1,1
GA,30907,1,1,0,0,1,1
GA,31005,1,1,0,0,1,1
GA,31021,1,1,0,0,1,1
GA,31061,1,1,0,0,1,1
GA,31069,1,1,0,0,1,1
GA,31088,1,1,0,0,1,1
GA,31093,1,1,0,0,1,1
GA,31206,1,1,0,0,1,1
GA,31211,1,1,0,0,1,1
GA,31216,1,1,0,0,1,1
GA,31313,1,1,0,0,1,1
GA,31324,1,1,0,0,1,1
GA,31326,1,1,0,0,1,1
GA,31401,1,1,0,0,1,1
GA,31404,1,1,0,0,1,1
GA,31405,1,1,0,0,1,1
GA,31410,1,1,0,0,1,1
GA,31501,1,1,0,0,1,1
IL,60914,1,1,0,0,1,1
IL,61081,1,1,0,0,1,1
IL,61364,1,1,0,0,1,1
IL,61520,1,1,0,0,1,1
IL,61523,1,1,0,0,1,1
IL,61550,1,1,0,0,1,1
IL,61554,1,1,0,0,1,1
IL,61571,1,1,0,0,1,1
IL,61607,1,1,0,0,1,1
IL,61611,1,1,0,0,1,1
IL,61614,1,1,0,0,1,1
IL,61615,1,1,0,0,1,1
IL,61761,1,1,0,0,1,1
IL,62263,1,1,0,0,1,1
IL,62526,1,1,0,0,1,1
IL,62568,1,1,0,0,1,1
IL,62864,1,1,0,0,1,1
IL,62896,1,1,0,0,1,1
IL,62901,1,1,0,0,1,1
IL,62906,1,1,0,0,1,1
IL,62946,1,1,0,0,1,1
IL,62948,1,1,0,0,1,1
IL,62959,1,1,0,0,1,1
IL,62966,1,1,0,0,1,1
IN,46032,1,1,0,0,1,1
IN,46038,1,1,0,0,1,1
IN,46052,1,1,0,0,1,1
IN,46062,1,1,0,0,1,1
IN,46112,1,1,0,0,1,1
IN,46122,1,1,0,0,1,1
IN,46123,1,1,0,0,1,1
IN,46131,1,1,0,0,1,1
IN,46135,1,1,0,0,1,1
IN,46140,1,1,0,0,1,1
IN,46142,1,1,0,0,1,1
IN,46151,1,1,0,0,1,1
IN,46158,1,1,0,0,1,1
IN,46168,1,1,0,0,1,1
IN,46173,1,1,0,0,1,1
IN,46176,1,1,0,0,1,1
IN,46201,1,1,0,0,1,1
IN,46202,1,1,0,0,1,1
IN,46203,1,1,0,0,1,1
IN,46204,1,1,0,0,1,1
IN,46214,1,1,0,0,1,1
IN,46217,1,1,0,0,1,1
IN,46219,1,1,0,0,1,1
IN,46221,1,1,0,0,1,1
IN,46222,1,1,0,0,1,1
IN,46224,1,1,0,0,1,1
IN,46229,1,1,0,0,1,1
IN,46235,1,1,0,0,1,1
IN,46236,1,1,0,0,1,1
IN,46240,1,1,0,0,1,1
IN,46241,1,1,0,0,1,1
IN,46256,1,1,0,0,1,1
IN,46259,1,1,0,0,1,1
IN,46350,1,1,0,0,1,1
IN,46517,1,1,0,0,1,1
IN,46526,1,1,0,0,1,1
IN,46544,1,1,0,0,1,1
IN,46545,1,1,0,0,1,1
IN,46563,1,1,0,0,1,1
IN,46580,1,1,0,0,1,1
IN,46614,1,1,0,0,1,1
IN,46706,1,1,0,0,1,1
IN,46714,1,1,0,0,1,1
IN,46725,1,1,0,0,1,1
IN,46733,1,1,0,0,1,1
IN,46750,1,1,0,0,1,1
IN,46755,1,1,0,0,1,1
IN,46767,1,1,0,0,1,1
IN,46774,1,1,0,0,1,1
IN,46804,1,1,0,0,1,1
IN,46805,1,1,0,0,1,1
IN,46806,1,1,0,0,1,1
IN,46808,1,1,0,0,1,1
IN,46809,1,1,0,0,1,1
IN,46814,1,1,0,0,1,1
IN,46815,1,1,0,0,1,1
IN,46825,1,1,0,0,1,1
IN,46835,1,1,0,0,1,1
IN,46901,1,1,0,0,1,1
IN,46902,1,1,0,0,1,1
IN,46970,1,1,0,0,1,1
IN,46975,1,1,0,0,1,1
IN,46992,1,1,0,0,1,1
IN,47006,1,1,0,0,1,1
IN,47025,1,1,0,0,1,1
IN,47129,1,1,0,0,1,1
IN,47130,1,1,0,0,1,1
IN,47201,1,1,0,0,1,1
IN,47250,1,1,0,0,1,1
IN,47331,1,1,0,0,1,1
IN,47362,1,1,0,0,1,1
IN,47374,1,1,0,0,1,1
IN,47404,1,1,0,0,1,1
IN,47802,1,1,0,0,1,1
IN,47803,1,1,0,0,1,1
IN,47804,1,1,0,0,1,1
IN,47834,1,1,0,0,1,1
IN,47933,1,1,0,0,1,1
IN,47960,1,1,0,0,1,1
KY,40004,1,1,0,0,1,1
KY,40033,1,1,0,0,1,1
KY,40047,1,1,0,0,1,1
KY,40059,1,1,0,0,1,1
KY,40065,1,1,0,0,1,1
KY,40108,1,1,0,0,1,1
KY,40165,1,1,0,0,1,1
KY,40205,1,1,0,0,1,1
KY,40206,1,1,0,0,1,1
KY,40207,1,1,0,0,1,1
KY,40208,1,1,0,0,1,1
KY,40211,1,1,0,0,1,1
KY,40212,1,1,0,0,1,1
KY,40213,1,1,0,0,1,1
KY,40214,1,1,0,0,1,1
KY,40216,1,1,0,0,1,1
KY,40217,1,1,0,0,1,1
KY,40219,1,1,0,0,1,1
KY,40220,1,1,0,0,1,1
KY,40222,1,1,0,0,1,1
KY,40223,1,1,0,0,1,1
KY,40228,1,1,0,0,1,1
KY,40229,1,1,0,0,1,1
KY,40243,1,1,0,0,1,1
KY,40245,1,1,0,0,1,1
KY,40258,1,1,0,0,1,1
KY,40272,1,1,0,0,1,1
KY,40291,1,1,0,0,1,1
KY,40324,1,1,0,0,1,1
KY,40330,1,1,0,0,1,1
KY,40342,1,1,0,0,1,1
KY,40351,1,1,0,0,1,1
KY,40353,1,1,0,0,1,1
KY,40380,1,1,0,0,1,1
KY,40383,1,1,0,0,1,1
KY,40391,1,1,0,0,1,1
KY,40422,1,1,0,0,1,1
KY,40475,1,1,0,0,1,1
KY,40503,1,1,0,0,1,1
KY,40504,1,1,0,0,1,1
KY,40505,1,1,0,0,1,1
KY,40509,1,1,0,0,1,1
KY,40514,1,1,0,0,1,1
KY,40515,1,1,0,0,1,1
KY,40517,1,1,0,0,1,1
KY,40965,1,1,0,0,1,1
KY,41005,1,1,0,0,1,1
KY,41008,1,1,0,0,1,1
KY,41011,1,1,0,0,1,1
KY,41015,1,1,0,0,1,1
KY,41017,1,1,0,0,1,1
KY,41018,1,1,0,0,1,1
KY,41048,1,1,0,0,1,1
KY,41056,1,1,0,0,1,1
KY,41073,1,1,0,0,1,1
KY,41094,1,1,0,0,1,1
KY,42001,1,1,0,0,1,1
KY,42071,1,1,0,0,1,1
KY,42101,1,1,0,0,1,1
KY,42240,1,1,0,0,1,1
KY,42303,1,1,0,0,1,1
KY,42367,1,1,0,0,1,1
KY,42431,1,1,0,0,1,1
KY,42642,1,1,0,0,1,1
KY,42653,1,1,0,0,1,1
KY,42718,1,1,0,0,1,1
LA,70605,1,1,0,0,1,1
LA,70663,1,1,0,0,1,1
LA,71105,1,1,0,0,1,1
LA,71106,1,1,0,0,1,1
LA,71111,1,1,0,0,1,1
LA,71118,1,1,0,0,1,1
LA,71301,1,1,0,0,1,1
MI,48001,1,1,0,0,1,1
MI,48009,1,1,0,0,1,1
MI,48030,1,1,0,0,1,1
MI,48038,1,1,0,0,1,1
MI,48042,1,1,0,0,1,1
MI,48044,1,1,0,0,1,1
MI,48045,1,1,0,0,1,1
MI,48047,1,1,0,0,1,1
MI,48062,1,1,0,0,1,1
MI,48067,1,1,0,0,1,1
MI,48076,1,1,0,0,1,1
MI,48083,1,1,0,0,1,1
MI,48084,1,1,0,0,1,1
MI,48085,1,1,0,0,1,1
MI,48089,1,1,0,0,1,1
MI,48095,1,1,0,0,1,1
MI,48098,1,1,0,0,1,1
MI,48103,1,1,0,0,1,1
MI,48104,1,1,0,0,1,1
MI,48105,1,1,0,0,1,1
MI,48124,1,1,0,0,1,1
MI,48126,1,1,0,0,1,1
MI,48127,1,1,0,0,1,1
MI,48131,1,1,0,0,1,1
MI,48134,1,1,0,0,1,1
MI,48138,1,1,0,0,1,1
MI,48144,1,1,0,0,1,1
MI,48146,1,1,0,0,1,1
MI,48152,1,1,0,0,1,1
MI,48154,1,1,0,0,1,1
MI,48160,1,1,0,0,1,1
MI,48161,1,1,0,0,1,1
MI,48162,1,1,0,0,1,1
MI,48167,1,1,0,0,1,1
MI,48168,1,1,0,0,1,1
MI,48169,1,1,0,0,1,1
MI,48174,1,1,0,0,1,1
MI,48180,1,1,0,0,1,1
MI,48183,1,1,0,0,1,1
MI,48187,1,1,0,0,1,1
MI,48188,1,1,0,0,1,1
MI,48195,1,1,0,0,1,1
MI,48198,1,1,0,0,1,1
MI,48220,1,1,0,0,1,1
MI,48225,1,1,0,0,1,1
MI,48230,1,1,0,0,1,1
MI,48236,1,1,0,0,1,1
MI,48237,1,1,0,0,1,1
MI,48301,1,1,0,0,1,1
MI,48302,1,1,0,0,1,1
MI,48306,1,1,0,0,1,1
MI,48307,1,1,0,0,1,1
MI,48313,1,1,0,0,1,1
MI,48314,1,1,0,0,1,1
MI,48315,1,1,0,0,1,1
MI,48323,1,1,0,0,1,1
MI,48327,1,1,0,0,1,1
MI,48331,1,1,0,0,1,1
MI,48336,1,1,0,0,1,1
MI,48348,1,1,0,0,1,1
MI,48359,1,1,0,0,1,1
MI,48374,1,1,0,0,1,1
MI,48381,1,1,0,0,1,1
MI,48382,1,1,0,0,1,1
MI,48386,1,1,0,0,1,1
MI,48423,1,1,0,0,1,1
MI,48430,1,1,0,0,1,1
MI,48433,1,1,0,0,1,1
MI,48439,1,1,0,0,1,1
MI,48444,1,1,0,0,1,1
MI,48446,1,1,0,0,1,1
MI,48458,1,1,0,0,1,1
MI,48473,1,1,0,0,1,1
MI,48506,1,1,0,0,1,1
MI,48529,1,1,0,0,1,1
MI,48603,1,1,0,0,1,1
MI,48640,1,1,0,0,1,1
MI,48706,1,1,0,0,1,1
MI,48722,1,1,0,0,1,1
MI,48732,1,1,0,0,1,1
MI,48734,1,1,0,0,1,1
MI,48823,1,1,0,0,1,1
MI,48842,1,1,0,0,1,1
MI,48864,1,1,0,0,1,1
MI,48867,1,1,0,0,1,1
MI,48879,1,1,0,0,1,1
MI,48910,1,1,0,0,1,1
MI,48912,1,1,0,0,1,1
MI,48917,1,1,0,0,1,1
MI,49202,1,1,0,0,1,1
MI,49242,1,1,0,0,1,1
MO,63379,1,1,0,0,1,1
MO,63901,1,1,0,0,1,1
MO,65401,1,1,0,0,1,1
MS,38606,1,1,0,0,1,1
MS,38632,1,1,0,0,1,1
MS,38654,1,1,0,0,1,1
MS,38655,1,1,0,0,1,1
MS,38671,1,1,0,0,1,1
MS,38672,1,1,0,0,1,1
MS,38701,1,1,0,0,1,1
MS,38732,1,1,0,0,1,1
MS,38801,1,1,0,0,1,1
MS,38804,1,1,0,0,1,1
MS,38834,1,1,0,0,1,1
MS,39042,1,1,0,0,1,1
MS,39047,1,1,0,0,1,1
MS,39157,1,1,0,0,1,1
MS,39180,1,1,0,0,1,1
MS,39208,1,1,0,0,1,1
MS,39211,1,1,0,0,1,1
MS,39218,1,1,0,0,1,1
MS,39272,1,1,0,0,1,1
MS,39440,1,1,0,0,1,1
MS,39705,1,1,0,0,1,1
MS,39759,1,1,0,0,1,1
OH,43017,1,1,0,0,1,1
OH,43025,1,1,0,0,1,1
OH,43031,1,1,0,0,1,1
OH,43035,1,1,0,0,1,1
OH,43040,1,1,0,0,1,1
OH,43050,1,1,0,0,1,1
OH,43054,1,1,0,0,1,1
OH,43055,1,1,0,0,1,1
OH,43056,1,1,0,0,1,1
OH,43062,1,1,0,0,1,1
OH,43064,1,1,0,0,1,1
OH,43074,1,1,0,0,1,1
OH,43078,1,1,0,0,1,1
OH,43082,1,1,0,0,1,1
OH,43113,1,1,0,0,1,1
OH,43119,1,1,0,0,1,1
OH,43125,1,1,0,0,1,1
OH,43138,1,1,0,0,1,1
OH,43140,1,1,0,0,1,1
OH,43160,1,1,0,0,1,1
OH,43201,1,1,0,0,1,1
OH,43205,1,1,0,0,1,1
OH,43212,1,1,0,0,1,1
OH,43215,1,1,0,0,1,1
OH,43217,1,1,0,0,1,1
OH,43220,1,1,0,0,1,1
OH,43223,1,1,0,0,1,1
OH,43229,1,1,0,0,1,1
OH,43235,1,1,0,0,1,1
OH,43240,1,1,0,0,1,1
OH,43311,1,1,0,0,1,1
OH,43338,1,1,0,0,1,1
OH,43402,1,1,0,0,1,1
OH,43452,1,1,0,0,1,1
OH,43512,1,1,0,0,1,1
OH,43528,1,1,0,0,1,1
OH,43537,1,1,0,0,1,1
OH,43551,1,1,0,0,1,1
OH,43558,1,1,0,0,1,1
OH,43566,1,1,0,0,1,1
OH,43611,1,1,0,0,1,1
OH,43612,1,1,0,0,1,1
OH,43614,1,1,0,0,1,1
OH,43615,1,1,0,0,1,1
OH,43616,1,1,0,0,1,1
OH,43701,1,1,0,0,1,1
OH,43756,1,1,0,0,1,1
OH,43764,1,1,0,0,1,1
OH,43906,1,1,0,0,1,1
OH,43935,1,1,0,0,1,1
OH,43950,1,1,0,0,1,1
OH,43952,1,1,0,0,1,1
OH,43953,1,1,0,0,1,1
OH,44820,1,1,0,0,1,1
OH,44830,1,1,0,0,1,1
OH,44870,1,1,0,0,1,1
OH,44883,1,1,0,0,1,1
OH,44905,1,1,0,0,1,1
OH,44906,1,1,0,0,1,1
OH,44907,1,1,0,0,1,1
OH,45002,1,1,0,0,1,1
OH,45005,1,1,0,0,1,1
OH,45013,1,1,0,0,1,1
OH,45014,1,1,0,0,1,1
OH,45030,1,1,0,0,1,1
OH,45036,1,1,0,0,1,1
OH,45050,1,1,0,0,1,1
OH,45056,1,1,0,0,1,1
OH,45066,1,1,0,0,1,1
OH,45102,1,1,0,0,1,1
OH,45107,1,1,0,0,1,1
OH,45122,1,1,0,0,1,1
OH,45133,1,1,0,0,1,1
OH,45154,1,1,0,0,1,1
OH,45177,1,1,0,0,1,1
OH,45205,1,1,0,0,1,1
OH,45211,1,1,0,0,1,1
OH,45212,1,1,0,0,1,1
OH,45215,1,1,0,0,1,1
OH,45216,1,1,0,0,1,1
OH,45219,1,1,0,0,1,1
OH,45227,1,1,0,0,1,1
OH,45230,1,1,0,0,1,1
OH,45232,1,1,0,0,1,1
OH,45236,1,1,0,0,1,1
OH,45239,1,1,0,0,1,1
OH,45240,1,1,0,0,1,1
OH,45242,1,1,0,0,1,1
OH,45243,1,1,0,0,1,1
OH,45244,1,1,0,0,1,1
OH,45245,1,1,0,0,1,1
OH,45248,1,1,0,0,1,1
OH,45251,1,1,0,0,1,1
OH,45320,1,1,0,0,1,1
OH,45322,1,1,0,0,1,1
OH,45324,1,1,0,0,1,1
OH,45331,1,1,0,0,1,1
OH,45356,1,1,0,0,1,1
OH,45365,1,1,0,0,1,1
OH,45373,1,1,0,0,1,1
OH,45377,1,1,0,0,1,1
OH,45385,1,1,0,0,1,1
OH,45406,1,1,0,0,1,1
OH,45410,1,1,0,0,1,1
OH,45414,1,1,0,0,1,1
OH,45420,1,1,0,0,1,1
OH,45429,1,1,0,0,1,1
OH,45431,1,1,0,0,1,1
OH,45434,1,1,0,0,1,1
OH,45440,1,1,0,0,1,1
OH,45458,1,1,0,0,1,1
OH,45504,1,1,0,0,1,1
OH,45640,1,1,0,0,1,1
OH,45662,1,1,0,0,1,1
OH,45669,1,1,0,0,1,1
OH,45690,1,1,0,0,1,1
OH,45694,1,1,0,0,1,1
OH,45701,1,1,0,0,1,1
OH,45714,1,1,0,0,1,1
OH,45764,1,1,0,0,1,1
OH,45782,1,1,0,0,1,1
OH,45885,1,1,0,0,1,1
SC,29063,1,1,0,0,1,1
SC,29203,1,1,0,0,1,1
SC,29204,1,1,0,0,1,1
SC,29229,1,1,0,0,1,1
SC,29572,1,1,0,0,1,1
SC,29576,1,1,0,0,1,1
SC,29579,1,1,0,0,1,1
SC,29582,1,1,0,0,1,1
SC,29803,1,1,0,0,1,1
SC,29841,1,1,0,0,1,1
SC,29928,1,1,0,0,1,1
TN,37013,1,1,0,0,1,1
TN,37055,1,1,0,0,1,1
TN,37067,1,1,0,0,1,1
TN,37086,1,1,0,0,1,1
TN,37087,1,1,0,0,1,1
TN,37091,1,1,0,0,1,1
TN,37110,1,1,0,0,1,1
TN,37115,1,1,0,0,1,1
TN,37127,1,1,0,0,1,1
TN,37130,1,1,0,0,1,1
TN,37160,1,1,0,0,1,1
TN,37167,1,1,0,0,1,1
TN,37172,1,1,0,0,1,1
TN,37174,1,1,0,0,1,1
TN,37179,1,1,0,0,1,1
TN,37188,1,1,0,0,1,1
TN,37206,1,1,0,0,1,1
TN,37208,1,1,0,0,1,1
TN,37209,1,1,0,0,1,1
TN,37212,1,1,0,0,1,1
TN,37214,1,1,0,0,1,1
TN,37215,1,1,0,0,1,1
TN,37216,1,1,0,0,1,1
TN,37217,1,1,0,0,1,1
TN,37218,1,1,0,0,1,1
TN,37324,1,1,0,0,1,1
TN,37388,1,1,0,0,1,1
TN,37701,1,1,0,0,1,1
TN,37748,1,1,0,0,1,1
TN,37801,1,1,0,0,1,1
TN,37830,1,1,0,0,1,1
TN,37849,1,1,0,0,1,1
TN,37863,1,1,0,0,1,1
TN,37865,1,1,0,0,1,1
TN,37876,1,1,0,0,1,1
TN,37912,1,1,0,0,1,1
TN,37914,1,1,0,0,1,1
TN,37917,1,1,0,0,1,1
TN,37918,1,1,0,0,1,1
TN,37919,1,1,0,0,1,1
TN,37920,1,1,0,0,1,1
TN,37923,1,1,0,0,1,1
TN,37934,1,1,0,0,1,1
TN,38004,1,1,0,0,1,1
TN,38016,1,1,0,0,1,1
TN,38024,1,1,0,0,1,1
TN,38053,1,1,0,0,1,1
TN,38060,1,1,0,0,1,1
TN,38111,1,1,0,0,1,1
TN,38116,1,1,0,0,1,1
TN,38119,1,1,0,0,1,1
TN,38122,1,1,0,0,1,1
TN,38125,1,1,0,0,1,1
TN,38127,1,1,0,0,1,1
TN,38128,1,1,0,0,1,1
TN,38133,1,1,0,0,1,1
TN,38141,1,1,0,0,1,1
TN,38242,1,1,0,0,1,1
TN,38372,1,1,0,0,1,1
TN,38464,1,1,0,0,1,1
TN,38501,1,1,0,0,1,1
TN,38555,1,1,0,0,1,1
TN,38558,1,1,0,0,1,1
TX,75001,1,1,0,0,1,1
TX,75007,1,1,0,0,1,1
TX,75013,1,1,0,0,1,1
TX,75019,1,1,0,0,1,1
TX,75024,1,1,0,0,1,1
TX,75025,1,1,0,0,1,1
TX,75032,1,1,0,0,1,1
TX,75035,1,1,0,0,1,1
TX,75042,1,1,0,0,1,1
TX,75044,1,1,0,0,1,1
TX,75048,1,1,0,0,1,1
TX,75051,1,1,0,0,1,1
TX,75052,1,1,0,0,1,1
TX,75056,1,1,0,0,1,1
TX,75060,1,1,0,0,1,1
TX,75061,1,1,0,0,1,1
TX,75062,1,1,0,0,1,1
TX,75063,1,1,0,0,1,1
TX,75068,1,1,0,0,1,1
TX,75071,1,1,0,0,1,1
TX,75074,1,1,0,0,1,1
TX,75075,1,1,0,0,1,1
TX,75080,1,1,0,0,1,1
TX,75081,1,1,0,0,1,1
TX,75087,1,1,0,0,1,1
TX,75090,1,1,0,0,1,1
TX,75093,1,1,0,0,1,1
TX,75098,1,1,0,0,1,1
TX,75104,1,1,0,0,1,1
TX,75115,1,1,0,0,1,1
TX,75116,1,1,0,0,1,1
TX,75126,1,1,0,0,1,1
TX,75149,1,1,0,0,1,1
TX,75150,1,1,0,0,1,1
TX,75180,1,1,0,0,1,1
TX,75181,1,1,0,0,1,1
TX,75204,1,1,0,0,1,1
TX,75206,1,1,0,0,1,1
TX,75219,1,1,0,0,1,1
TX,75224,1,1,0,0,1,1
TX,75235,1,1,0,0,1,1
TX,75238,1,1,0,0,1,1
TX,75241,1,1,0,0,1,1
TX,75243,1,1,0,0,1,1
TX,75248,1,1,0,0,1,1
TX,75287,1,1,0,0,1,1
TX,75454,1,1,0,0,1,1
TX,75460,1,1,0,0,1,1
TX,75601,1,1,0,0,1,1
TX,75654,1,1,0,0,1,1
TX,75670,1,1,0,0,1,1
TX,75801,1,1,0,0,1,1
TX,75961,1,1,0,0,1,1
TX,75965,1,1,0,0,1,1
TX,76006,1,1,0,0,1,1
TX,76012,1,1,0,0,1,1
TX,76014,1,1,0,0,1,1
TX,76016,1,1,0,0,1,1
TX,76018,1,1,0,0,1,1
TX,76021,1,1,0,0,1,1
TX,76028,1,1,0,0,1,1
TX,76033,1,1,0,0,1,1
TX,76036,1,1,0,0,1,1
TX,76039,1,1,0,0,1,1
TX,76049,1,1,0,0,1,1
TX,76053,1,1,0,0,1,1
TX,76065,1,1,0,0,1,1
TX,76092,1,1,0,0,1,1
TX,76109,1,1,0,0,1,1
TX,76116,1,1,0,0,1,1
TX,76133,1,1,0,0,1,1
TX,76137,1,1,0,0,1,1
TX,76177,1,1,0,0,1,1
TX,76179,1,1,0,0,1,1
TX,76182,1,1,0,0,1,1
TX,76201,1,1,0,0,1,1
TX,76205,1,1,0,0,1,1
TX,76210,1,1,0,0,1,1
TX,76226,1,1,0,0,1,1
TX,76227,1,1,0,0,1,1
TX,77005,1,1,0,0,1,1
TX,77007,1,1,0,0,1,1
TX,77008,1,1,0,0,1,1
TX,77018,1,1,0,0,1,1
TX,77019,1,1,0,0,1,1
TX,77023,1,1,0,0,1,1
TX,77030,1,1,0,0,1,1
TX,77035,1,1,0,0,1,1
TX,77041,1,1,0,0,1,1
TX,77042,1,1,0,0,1,1
TX,77044,1,1,0,0,1,1
TX,77055,1,1,0,0,1,1
TX,77057,1,1,0,0,1,1
TX,77064,1,1,0,0,1,1
TX,77079,1,1,0,0,1,1
TX,77083,1,1,0,0,1,1
TX,77086,1,1,0,0,1,1
TX,77087,1,1,0,0,1,1
TX,77089,1,1,0,0,1,1
TX,77090,1,1,0,0,1,1
TX,77095,1,1,0,0,1,1
TX,77301,1,1,0,0,1,1
TX,77304,1,1,0,0,1,1
TX,77318,1,1,0,0,1,1
TX,77338,1,1,0,0,1,1
TX,77339,1,1,0,0,1,1
TX,77340,1,1,0,0,1,1
TX,77345,1,1,0,0,1,1
TX,77346,1,1,0,0,1,1
TX,77354,1,1,0,0,1,1
TX,77356,1,1,0,0,1,1
TX,77357,1,1,0,0,1,1
TX,77373,1,1,0,0,1,1
TX,77375,1,1,0,0,1,1
TX,77377,1,1,0,0,1,1
TX,77381,1,1,0,0,1,1
TX,77382,1,1,0,0,1,1
TX,77389,1,1,0,0,1,1
TX,77396,1,1,0,0,1,1
TX,77406,1,1,0,0,1,1
TX,77450,1,1,0,0,1,1
TX,77471,1,1,0,0,1,1
TX,77498,1,1,0,0,1,1
TX,77504,1,1,0,0,1,1
TX,77505,1,1,0,0,1,1
TX,77506,1,1,0,0,1,1
TX,77511,1,1,0,0,1,1
TX,77515,1,1,0,0,1,1
TX,77520,1,1,0,0,1,1
TX,77521,1,1,0,0,1,1
TX,77531,1,1,0,0,1,1
TX,77551,1,1,0,0,1,1
TX,77571,1,1,0,0,1,1
TX,77584,1,1,0,0,1,1
TX,77586,1,1,0,0,1,1
TX,77590,1,1,0,0,1,1
TX,77630,1,1,0,0,1,1
TX,77706,1,1,0,0,1,1
TX,77707,1,1,0,0,1,1
TX,77808,1,1,0,0,1,1
TX,77845,1,1,0,0,1,1
VA,22801,1,1,0,0,1,1
VA,22901,1,1,0,0,1,1
VA,22903,1,1,0,0,1,1
VA,22980,1,1,0,0,1,1
VA,23072,1,1,0,0,1,1
VA,23111,1,1,0,0,1,1
VA,23112,1,1,0,0,1,1
VA,23116,1,1,0,0,1,1
VA,23220,1,1,0,0,1,1
VA,23221,1,1,0,0,1,1
VA,23225,1,1,0,0,1,1
VA,23228,1,1,0,0,1,1
VA,23229,1,1,0,0,1,1
VA,23230,1,1,0,0,1,1
VA,23231,1,1,0,0,1,1
VA,23233,1,1,0,0,1,1
VA,23235,1,1,0,0,1,1
VA,23238,1,1,0,0,1,1
VA,23294,1,1,0,0,1,1
VA,23320,1,1,0,0,1,1
VA,23430,1,1,0,0,1,1
VA,23434,1,1,0,0,1,1
VA,23435,1,1,0,0,1,1
VA,23454,1,1,0,0,1,1
VA,23455,1,1,0,0,1,1
VA,23464,1,1,0,0,1,1
VA,23666,1,1,0,0,1,1
VA,23692,1,1,0,0,1,1
VA,23693,1,1,0,0,1,1
VA,23707,1,1,0,0,1,1
VA,24015,1,1,0,0,1,1
VA,24073,1,1,0,0,1,1
VA,24083,1,1,0,0,1,1
VA,24112,1,1,0,0,1,1
VA,24141,1,1,0,0,1,1
VA,24151,1,1,0,0,1,1
VA,24179,1,1,0,0,1,1
VA,24201,1,1,0,0,1,1
VA,24401,1,1,0,0,1,1
VA,24422,1,1,0,0,1,1
VA,24450,1,1,0,0,1,1
VA,24503,1,1,0,0,1,1
VA,24522,1,1,0,0,1,1
VA,24551,1,1,0,0,1,1
WV,24740,1,1,0,0,1,1
WV,24970,1,1,0,0,1,1
WV,25053,1,1,0,0,1,1
WV,25071,1,1,0,0,1,1
WV,25177,1,1,0,0,1,1
WV,25271,1,1,0,0,1,1
WV,25302,1,1,0,0,1,1
WV,25303,1,1,0,0,1,1
WV,25304,1,1,0,0,1,1
WV,25313,1,1,0,0,1,1
WV,25315,1,1,0,0,1,1
WV,25504,1,1,0,0,1,1
WV,25560,1,1,0,0,1,1
WV,25601,1,1,0,0,1,1
WV,25701,1,1,0,0,1,1
WV,25702,1,1,0,0,1,1
WV,25813,1,1,0,0,1,1
WV,25901,1,1,0,0,1,1
WV,25951,1,1,0,0,1,1
WV,25962,1,1,0,0,1,1
WV,26041,1,1,0,0,1,1
WV,26062,1,1,0,0,1,1
WV,26070,1,1,0,0,1,1
WV,26201,1,1,0,0,1,1
WV,26241,1,1,0,0,1,1
WV,26301,1,1,0,0,1,1
